PointInTime,InterbankRate,InverseInterbankRate
20140311,6.1357,0.162981
20140312,6.14025,0.16286
20140313,6.145,0.162734
20140314,6.1455,0.162721
20140315,6.138,0.16292
20140316,6.1503,0.162594
20140317,6.1503,0.162594
20140318,6.131,0.163106
20140319,6.1935,0.16146
20140320,6.196,0.161394
20140321,6.2275,0.160578
20140322,6.2274,0.160581
20140323,6.2251,0.16064
20140324,6.2251,0.16064
20140325,6.2274,0.160581
20140326,6.19425,0.16144
20140327,6.174,0.16197
20140328,6.216,0.160875
20140329,6.216,0.160875
20140330,6.2122,0.160974
20140331,6.2122,0.160974
20140401,6.2185,0.16081
20140402,6.2055,0.161147
20140403,6.2057,0.161142
20140404,6.2107,0.161012
20140405,6.2135,0.16094
20140406,6.2123,0.160971
20140407,6.2123,0.160971
20140408,6.21,0.161031
20140409,6.212,0.160979
20140410,6.197,0.161368
20140411,6.201,0.161264
20140412,6.211,0.161005
20140413,6.2114,0.160994
20140414,6.2114,0.160994
20140415,6.219,0.160798
20140416,6.22025,0.160765
20140417,6.221,0.160746
20140418,6.219,0.160798
20140419,6.23525,0.160378
20140420,6.2191,0.160795
20140421,6.2191,0.160795
20140422,6.2325,0.160449
20140423,6.2395,0.160269
20140424,6.238,0.160308
20140425,6.243,0.160179
20140426,6.2505,0.159987
20140427,6.2537,0.159905
20140428,6.2537,0.159905
20140429,6.254,0.159898
20140430,6.2545,0.159885
20140501,6.26,0.159744
20140502,6.2594,0.15976
20140503,6.2595,0.159757
20140504,6.2594,0.15976
20140505,6.2594,0.15976
20140506,6.25975,0.159751
20140507,6.226,0.160617
20140508,6.2343,0.160403
20140509,6.228,0.160565
20140510,6.228,0.160565
20140511,6.2277,0.160573
20140512,6.2277,0.160573
20140513,6.237,0.160333
20140514,6.2295,0.160527
20140515,6.2295,0.160527
20140516,6.229,0.160539
20140517,6.23525,0.160378
20140518,6.2335,0.160424
20140519,6.2335,0.160424
20140520,6.23925,0.160276
20140521,6.23925,0.160276
20140522,6.237,0.160333
20140523,6.2335,0.160424
20140524,6.2335,0.160424
20140525,6.2366,0.160344
20140526,6.2366,0.160344
20140527,6.2395,0.160269
20140528,6.248,0.160051
20140529,6.254,0.159898
20140530,6.238,0.160308
20140531,6.2505,0.159987
20140601,6.2479,0.160054
20140602,6.2479,0.160054
20140603,6.246,0.160102
20140604,6.2555,0.159859
20140605,6.2555,0.159859
20140606,6.25475,0.159878
20140607,6.2515,0.159962
20140608,6.2505,0.159987
20140609,6.2505,0.159987
20140610,6.25175,0.159955
20140611,6.25175,0.159955
20140612,6.228,0.160565
20140613,6.225,0.160643
20140614,6.2184,0.160813
20140615,6.2095,0.161044
20140616,6.2095,0.161044
20140617,6.22825,0.160559
20140618,6.226,0.160617
20140619,6.2315,0.160475
20140620,6.232,0.160462
20140621,6.22925,0.160533
20140622,6.2245,0.160655
20140623,6.2245,0.160655
20140624,6.2255,0.16063
20140625,6.22895,0.160541
20140626,6.235,0.160385
20140627,6.232,0.160462
20140628,6.2175,0.160836
20140629,6.2185,0.16081
20140630,6.2185,0.16081
20140701,6.2035,0.161199
20140702,6.199,0.161316
20140703,6.2,0.16129
20140704,6.21025,0.161024
20140705,6.2041,0.161184
20140706,6.2041,0.161184
20140707,6.2041,0.161184
20140708,6.205,0.16116
20140709,6.2005,0.161277
20140710,6.20125,0.161258
20140711,6.202,0.161238
20140712,4.2025,0.237954
20140713,6.2036,0.161197
20140714,6.2036,0.161197
20140715,6.205,0.16116
20140716,6.204,0.161186
20140717,6.20425,0.16118
20140718,6.2055,0.161147
20140719,6.208,0.161082
20140720,6.208,0.161082
20140721,6.208,0.161082
20140722,6.20725,0.161102
20140723,6.204,0.161186
20140724,6.198,0.161342
20140725,6.19825,0.161336
20140726,6.1925,0.161486
20140727,6.1917,0.161507
20140728,6.1917,0.161507
20140729,6.188,0.161603
20140730,6.1805,0.161799
20140731,6.1725,0.162009
20140801,6.172,0.162022
20140802,6.1805,0.161799
20140803,6.1798,0.161818
20140804,6.1798,0.161818
20140805,6.18075,0.161793
20140806,6.178,0.161865
20140807,6.171,0.162048
20140808,6.1625,0.162272
20140809,6.163,0.162259
20140810,6.1562,0.162438
20140811,6.1562,0.162438
20140812,6.154,0.162496
20140813,6.158,0.16239
20140814,6.158,0.16239
20140815,6.158,0.16239
20140816,6.1535,0.162509
20140817,6.1473,0.162673
20140818,6.1473,0.162673
20140819,6.143,0.162787
20140820,6.1413,0.162832
20140821,6.14,0.162866
20140822,6.1515,0.162562
20140823,6.1515,0.162562
20140825,6.1515,0.162562
20140826,6.1544,0.162485
20140827,6.1526,0.162533
20140828,6.1433,0.162779
20140829,6.1428,0.162792
20140830,6.1434,0.162776
20140831,6.1434,0.162776
20140901,6.1434,0.162776
20140902,6.142,0.162813
20140903,6.1483,0.162647
20140904,6.1411,0.162837
20140905,6.1386,0.162904
20140906,6.1405,0.162853
20140908,6.1405,0.162853
20140909,6.1405,0.162853
20140910,6.136,0.162973
20140911,6.13655,0.162958
20140912,6.1305,0.163119
20140913,6.1346,0.16301
20140914,6.1346,0.16301
20140915,6.142,0.162813
20140916,6.146,0.162707
20140917,6.146,0.162707
20140918,6.14,0.162866
20140919,6.1395,0.16288
20140920,6.143,0.162787
20140921,6.1411,0.162837
20140922,6.1411,0.162837
20140923,6.14,0.162866
20140924,6.14,0.162866
20140926,6.1355,0.162986
20140927,6.1295,0.163145
20140928,6.1271,0.163209
20140929,6.1271,0.163209
20140930,6.1495,0.162615
20141001,6.1525,0.162536
20141002,6.139,0.162893
20141003,6.139,0.162893
20141004,6.139,0.162893
20141005,6.139,0.162893
20141006,6.139,0.162893
20141007,6.139,0.162893
20141008,6.139,0.162893
20141009,6.1405,0.162853
20141010,6.133,0.163052
20141011,6.1311,0.163103
20141012,6.1311,0.163103
20141013,6.1311,0.163103
20141014,6.124,0.163292
20141015,6.124,0.163292
20141016,6.124,0.163292
20141017,6.124,0.163292
20141018,6.1215,0.163359
20141019,6.124,0.163292
20141020,6.124,0.163292
20141021,6.1215,0.163359
20141022,6.123,0.163319
20141023,6.1225,0.163332
20141024,6.118,0.163452
20141025,6.118,0.163452
20141026,6.1171,0.163476
20141027,6.1171,0.163476
20141028,6.1165,0.163492
20141029,6.1133,0.163578
20141030,6.1112,0.163634
20141031,6.1145,0.163546
20141101,6.1127,0.163594
20141102,6.1127,0.163594
20141103,6.1127,0.163594
20141104,6.1183,0.163444
20141105,6.1153,0.163524
20141106,6.114,0.163559
20141107,6.112,0.163613
20141108,6.1228,0.163324
20141109,6.1228,0.163324
20141110,6.1228,0.163324
20141111,6.1195,0.163412
20141112,6.1245,0.163279
20141113,6.1262,0.163233
20141114,6.1248,0.163271
20141115,6.1295,0.163145
20141116,6.1295,0.163145
20141117,6.1295,0.163145
20141118,6.1243,0.163284
20141119,6.1213,0.163364
20141120,6.1195,0.163412
20141121,6.1235,0.163305
20141122,6.1249,0.163268
20141123,6.1249,0.163268
20141124,6.1249,0.163268
20141125,6.1417,0.162821
20141126,6.1365,0.162959
20141127,6.1391,0.16289
20141128,6.1391,0.16289
20141129,6.1432,0.162782
20141130,6.1432,0.162782
20141201,6.1432,0.162782
20141202,6.152,0.162549
20141203,6.1495,0.162615
20141204,6.1502,0.162596
20141205,6.1546,0.16248
20141206,6.1502,0.162596
20141207,6.1502,0.162596
20141208,6.1502,0.162596
20141209,6.173,0.161996
20141210,6.1878,0.161608
20141211,6.1766,0.161901
20141212,6.1886,0.161587
20141213,6.1869,0.161632
20141214,6.1869,0.161632
20141215,6.1869,0.161632
20141216,6.1905,0.161538
20141217,6.1895,0.161564
20141218,6.197,0.161368
20141219,6.2145,0.160914
20141220,6.2199,0.160774
20141221,6.2199,0.160774
20141222,6.2199,0.160774
20141223,6.2216,0.16073
20141224,6.2259,0.160619
20141225,6.2153,0.160893
20141226,6.2153,0.160893
20141227,6.2153,0.160893
20141228,6.2153,0.160893
20141229,6.2153,0.160893
20141230,6.2225,0.160707
20141231,6.202,0.161238
20150104,6.2061,0.161132
20150105,6.2061,0.161132
20150106,6.2184,0.160813
20150107,6.212,0.160979
20150108,6.214,0.160927
20150109,6.2135,0.16094
20150110,6.2103,0.161023
20150111,6.2103,0.161023
20150112,6.2103,0.161023
20150113,6.2034,0.161202
20150114,6.1976,0.161353
20150115,6.194,0.161447
20150116,6.1875,0.161616
20150117,6.207,0.161108
20150118,6.207,0.161108
20150119,6.207,0.161108
20150120,6.218,0.160823
20150121,6.2149,0.160904
20150122,6.2117,0.160987
20150123,6.209,0.161057
20150124,6.2279,0.160568
20150125,6.2279,0.160568
20150126,6.2279,0.160568
20150127,6.2558,0.159852
20150128,6.2451,0.160126
20150129,6.2465,0.16009
20150130,6.2466,0.160087
20150131,6.251,0.159974
20150201,6.251,0.159974
20150202,6.251,0.159974
20150203,6.2595,0.159757
20150204,6.2557,0.159854
20150205,6.2477,0.160059
20150206,6.2521,0.159946
20150207,6.2434,0.160169
20150208,6.2434,0.160169
20150209,6.2434,0.160169
20150210,6.2488,0.160031
20150211,6.2418,0.16021
20150212,6.2423,0.160197
20150213,6.2445,0.160141
20150214,6.2403,0.160249
20150215,6.2403,0.160249
20150216,6.2403,0.160249
20150217,6.2486,0.160036
20150218,6.2541,0.159895
20150219,6.2541,0.159895
20150220,6.2541,0.159895
20150221,6.2541,0.159895
20150222,6.2541,0.159895
20150223,6.2541,0.159895
20150224,6.2551,0.15987
20150225,6.2551,0.15987
20150226,6.2595,0.159757
20150227,6.2595,0.159757
20150228,6.2686,0.159525
20150301,6.2686,0.159525
20150302,6.2686,0.159525
20150303,6.2737,0.159396
20150304,6.2737,0.159396
20150305,6.2706,0.159474
20150306,6.2674,0.159556
20150307,6.2638,0.159647
20150308,6.2638,0.159647
20150309,6.2638,0.159647
20150310,6.265,0.159617
20150311,6.262,0.159693
20150312,6.262,0.159693
20150313,6.262,0.159693
20150314,6.2587,0.159778
20150315,6.2587,0.159778
20150316,6.2587,0.159778
20150317,6.2618,0.159698
20150318,6.2495,0.160013
20150319,6.2287,0.160547
20150320,6.196,0.161394
20150321,6.206,0.161134
20150322,6.206,0.161134
20150323,6.206,0.161134
20150324,6.215,0.160901
20150325,6.2053,0.161153
20150326,6.211,0.161005
20150327,6.2114,0.160994
20150328,6.2152,0.160896
20150329,6.2152,0.160896
20150330,6.2152,0.160896
20150331,6.2065,0.161121
20150401,6.1975,0.161355
20150402,6.1971,0.161366
20150403,6.197,0.161368
20150404,6.197,0.161368
20150405,6.197,0.161368
20150406,6.197,0.161368
20150407,6.197,0.161368
20150408,6.1982,0.161337
20150409,6.2014,0.161254
20150410,6.2047,0.161168
20150411,6.2091,0.161054
20150412,6.2091,0.161054
20150413,6.2091,0.161054
20150414,6.2147,0.160909
20150415,6.2121,0.160976
20150416,6.2037,0.161194
20150417,6.1969,0.161371
20150418,6.1966,0.161379
20150419,6.1966,0.161379
20150420,6.1966,0.161379
20150421,6.2019,0.161241
20150422,6.2019,0.161241
20150423,6.1957,0.161402
20150424,6.1987,0.161324
20150425,6.1948,0.161426
20150426,6.1948,0.161426
20150427,6.1948,0.161426
20150428,6.219,0.160798
20150429,6.2065,0.161121
20150430,6.2002,0.161285
20150501,6.201,0.161264
20150502,6.201,0.161264
20150503,6.201,0.161264
20150504,6.201,0.161264
20150505,6.2084,0.161072
20150506,6.2052,0.161155
20150507,6.199,0.161316
20150508,6.208,0.161082
20150509,6.208,0.161082
20150510,6.208,0.161082
20150511,6.208,0.161082
20150512,6.21285,0.160957
20150513,6.2089,0.161059
20150514,6.2046,0.161171
20150515,6.2016,0.161249
20150516,6.2061,0.161132
20150517,6.2061,0.161132
20150518,6.2061,0.161132
20150519,6.2043,0.161179
20150520,6.2067,0.161116
20150521,6.2037,0.161194
20150522,6.1968,0.161374
20150523,6.1974,0.161358
20150524,6.1974,0.161358
20150525,6.1974,0.161358
20150526,6.202,0.161238
20150527,6.2039,0.161189
20150528,6.2013,0.161257
20150529,6.2012,0.161259
20150530,6.1983,0.161335
20150531,6.1983,0.161335
20150601,6.1983,0.161335
20150602,6.1995,0.161303
20150603,6.1982,0.161337
20150604,6.1978,0.161348
20150605,6.2011,0.161262
20150606,6.2034,0.161202
20150607,6.2034,0.161202
20150608,6.2034,0.161202
20150609,6.2056,0.161145
20150610,6.2057,0.161142
20150611,6.2058,0.16114
20150612,6.2066,0.161119
20150613,6.2083,0.161075
20150614,6.2083,0.161075
20150615,6.2083,0.161075
20150616,6.209,0.161057
20150617,6.2086,0.161067
20150618,6.2096,0.161041
20150619,6.2079,0.161085
20150620,6.2095,0.161044
20150621,6.2095,0.161044
20150622,6.2095,0.161044
20150623,6.2095,0.161044
20150624,6.2068,0.161114
20150625,6.2071,0.161106
20150626,6.2094,0.161046
20150627,6.209,0.161057
20150628,6.209,0.161057
20150629,6.209,0.161057
20150630,6.2088,0.161062
20150701,6.201,0.161264
20150702,6.2015,0.161251
20150703,6.2047,0.161168
20150704,6.2057,0.161142
20150705,6.2057,0.161142
20150706,6.2057,0.161142
20150707,6.2092,0.161051
20150708,6.21,0.161031
20150709,6.209,0.161057
20150710,6.2088,0.161062
20150711,6.2093,0.161049
20150712,6.2093,0.161049
20150713,6.2093,0.161049
20150714,6.2084,0.161072
20150715,6.2089,0.161059
20150716,6.2092,0.161051
20150717,6.2095,0.161044
20150718,6.2095,0.161044
20150719,6.2095,0.161044
20150720,6.2095,0.161044
20150721,6.2098,0.161036
20150722,6.2096,0.161041
20150723,6.2094,0.161046
20150724,6.2095,0.161044
20150725,6.2096,0.161041
20150726,6.2096,0.161041
20150727,6.2096,0.161041
20150728,6.2095,0.161044
20150729,6.2094,0.161046
20150730,6.209,0.161057
20150731,6.2097,0.161038
20150801,6.2098,0.161036
20150802,6.2098,0.161036
20150803,6.2098,0.161036
20150804,6.2097,0.161038
20150805,6.2096,0.161041
20150806,6.2097,0.161038
20150807,6.2097,0.161038
20150808,6.2097,0.161038
20150809,6.2097,0.161038
20150810,6.2097,0.161038
20150811,6.2097,0.161038
20150812,6.3249,0.158105
20150813,6.387,0.156568
20150814,6.3989,0.156277
20150815,6.3918,0.15645
20150816,6.3918,0.15645
20150817,6.3918,0.15645
20150818,6.3947,0.15638
20150819,6.3938,0.156402
20150820,6.3958,0.156353
20150821,6.389,0.156519
20150822,6.3889,0.156521
20150823,6.3889,0.156521
20150824,6.3889,0.156521
20150825,6.4044,0.156143
20150826,6.4129,0.155936
20150827,6.411,0.155982
20150828,6.4053,0.156121
20150829,6.3885,0.156531
20150830,6.3885,0.156531
20150831,6.3885,0.156531
20150901,6.3764,0.156828
20150902,6.3645,0.157122
20150903,6.3559,0.157334
20150904,6.3559,0.157334
20150905,6.3559,0.157334
20150906,6.3559,0.157334
20150907,6.3559,0.157334
20150908,6.3659,0.157087
20150909,6.3672,0.157055
20150910,6.3778,0.156794
20150911,6.3772,0.156809
20150912,6.375,0.156863
20150913,6.375,0.156863
20150914,6.375,0.156863
20150915,6.3679,0.157038
20150916,6.37,0.156986
20150917,6.3709,0.156964
20150918,6.366,0.157085
20150919,6.3643,0.157126
20150920,6.3643,0.157126
20150921,6.3643,0.157126
20150922,6.3691,0.157008
20150923,6.376,0.156838
20150924,6.3837,0.156649
20150925,6.3833,0.156659
20150926,6.3741,0.156885
20150927,6.3741,0.156885
20150928,6.3741,0.156885
20150929,6.3688,0.157015
20150930,6.3636,0.157144
20151001,6.3571,0.157304
20151002,6.3561,0.157329
20151003,6.3561,0.157329
20151004,6.3561,0.157329
20151005,6.3561,0.157329
20151006,6.3561,0.157329
20151007,6.3561,0.157329
20151008,6.3561,0.157329
20151009,6.3535,0.157394
20151010,6.3453,0.157597
20151011,6.3453,0.157597
20151012,6.3453,0.157597
20151013,6.323,0.158153
20151014,6.3423,0.157672
20151015,6.3477,0.157537
20151016,6.3462,0.157575
20151017,6.3526,0.157416
20151018,6.3526,0.157416
20151019,6.3526,0.157416
20151020,6.3601,0.15723
20151021,6.3484,0.15752
20151022,6.3493,0.157498
20151023,6.358,0.157282
20151024,6.3491,0.157503
20151025,6.3491,0.157503
20151026,6.3491,0.157503
20151027,6.3532,0.157401
20151028,6.3532,0.157401
20151029,6.3593,0.15725
20151030,6.3567,0.157314
20151031,6.3181,0.158275
20151101,6.3181,0.158275
20151102,6.3181,0.158275
20151103,6.3374,0.157793
20151104,6.3361,0.157826
20151105,6.3359,0.157831
20151106,6.3462,0.157575
20151107,6.3531,0.157403
20151108,6.3531,0.157403
20151109,6.3531,0.157403
20151110,6.3622,0.157178
20151111,6.3618,0.157188
20151112,6.3675,0.157048
20151113,6.3693,0.157003
20151114,6.3738,0.156892
20151115,6.3738,0.156892
20151116,6.3738,0.156892
20151117,6.3712,0.156956
20151118,6.3786,0.156774
20151119,6.3849,0.15662
20151120,6.383,0.156666
20151121,6.385,0.156617
20151122,6.385,0.156617
20151123,6.385,0.156617
20151124,6.3893,0.156512
20151125,6.3898,0.156499
20151126,6.3892,0.156514
20151127,6.3896,0.156504
20151128,6.395,0.156372
20151129,6.395,0.156372
20151130,6.395,0.156372
20151201,6.3982,0.156294
20151202,6.3988,0.156279
20151203,6.3988,0.156279
20151204,6.3975,0.156311
20151205,6.4011,0.156223
20151206,6.4011,0.156223
20151207,6.4011,0.156223
20151208,6.4082,0.15605
20151209,6.4172,0.155831
20151210,6.428,0.155569
20151211,6.4378,0.155333
20151212,6.4553,0.154911
20151213,6.4553,0.154911
20151214,6.4553,0.154911
20151215,6.459,0.154823
20151216,6.461,0.154775
20151217,6.4733,0.154481
20151218,6.4837,0.154233
20151219,6.4815,0.154285
20151220,6.4815,0.154285
20151221,6.4815,0.154285
20151222,6.4808,0.154302
20151223,6.4788,0.15435
20151224,6.4778,0.154373
20151225,6.4773,0.154385
20151226,6.4773,0.154385
20151227,6.4773,0.154385
20151228,6.4773,0.154385
20151229,6.4887,0.154114
20151230,6.4848,0.154207
20151231,6.4912,0.154055
20160101,6.4937,0.153995
20160102,6.4937,0.153995
20160103,6.4937,0.153995
20160104,6.4937,0.153995
20160105,6.5354,0.153013
20160106,6.5225,0.153315
20160107,6.5567,0.152516
20160108,6.5929,0.151678
20160109,6.5965,0.151596
20160110,6.5965,0.151596
20160111,6.5965,0.151596
20160112,6.5695,0.152219
20160113,6.5725,0.152149
20160114,6.5754,0.152082
20160115,6.5902,0.15174
20160116,6.5849,0.151863
20160117,6.5849,0.151863
20160118,6.5849,0.151863
20160119,6.5789,0.152001
20160120,6.5786,0.152008
20160121,6.5784,0.152013
20160122,6.58,0.151976
20160123,6.5791,0.151996
20160124,6.5791,0.151996
20160125,6.5791,0.151996
20160126,6.5794,0.15199
20160127,6.5825,0.151918
20160128,6.5778,0.152027
20160129,6.5752,0.152087
20160130,6.5761,0.152066
20160131,6.5761,0.152066
20160201,6.5761,0.152066
20160202,6.5784,0.152013
20160203,6.5798,0.15198
20160204,6.577,0.152045
20160205,6.5648,0.152328
20160206,6.5739,0.152117
20160207,6.5739,0.152117
20160208,6.5739,0.152117
20160209,6.5739,0.152117
20160210,6.5739,0.152117
20160211,6.5739,0.152117
20160212,6.5739,0.152117
20160213,6.5739,0.152117
20160214,6.5739,0.152117
20160215,6.5739,0.152117
20160216,6.4962,0.153936
20160217,6.5169,0.153447
20160218,6.5283,0.153179
20160219,6.5188,0.153402
20160220,6.5224,0.153318
20160221,6.5224,0.153318
20160222,6.5224,0.153318
20160223,6.5218,0.153332
20160224,6.5271,0.153207
20160225,6.5317,0.153099
20160226,6.5335,0.153057
20160227,6.5404,0.152896
20160228,6.5404,0.152896
20160229,6.5404,0.152896
20160301,6.554,0.152579
20160302,6.5521,0.152623
20160303,6.551,0.152648
20160304,6.5315,0.153104
20160305,6.5067,0.153688
20160306,6.5081,0.153655
20160307,6.5081,0.153655
20160308,6.5168,0.15345
20160309,6.5047,0.153735
20160310,6.513,0.153539
20160311,6.5086,0.153643
20160312,6.4953,0.153957
20160313,6.4953,0.153957
20160314,6.4953,0.153957
20160315,6.5,0.153846
20160316,6.5145,0.153504
20160317,6.522,0.153327
20160318,6.475,0.15444
20160319,6.4716,0.154521
20160320,6.4716,0.154521
20160321,6.4716,0.154521
20160322,6.4846,0.154212
20160323,6.4901,0.154081
20160324,6.5063,0.153697
20160325,6.5147,0.153499
20160326,6.5147,0.153499
20160327,6.5147,0.153499
20160328,6.5147,0.153499
20160329,6.48975,0.154089
20160330,6.50505,0.153727
20160331,6.4651,0.154677
20160401,6.449,0.155063
20160402,6.4786,0.154354
20160403,6.4786,0.154354
20160404,6.4786,0.154354
20160405,6.4786,0.154354
20160406,6.4773,0.154385
20160407,6.4809,0.1543
20160408,6.463,0.154727
20160409,6.4658,0.15466
20160410,6.4658,0.15466
20160411,6.4658,0.15466
20160412,6.4595,0.154811
20160413,6.4656,0.154665
20160414,6.4784,0.154359
20160415,6.4826,0.154259
20160416,6.4756,0.154426
20160417,6.4756,0.154426
20160418,6.4756,0.154426
20160419,6.4752,0.154435
20160420,6.4581,0.154844
20160421,6.4708,0.15454
20160422,6.4819,0.154276
20160423,6.501,0.153822
20160424,6.501,0.153822
20160425,6.501,0.153822
20160426,6.493,0.154012
20160427,6.4935,0.154
20160428,6.495,0.153965
20160429,6.4759,0.154419
20160430,6.4741,0.154462
20160501,6.4741,0.154462
20160502,6.4741,0.154462
20160503,6.4741,0.154462
20160504,6.4918,0.15404
20160505,6.4948,0.153969
20160506,6.5035,0.153763
20160507,6.5002,0.153841
20160508,6.5002,0.153841
20160509,6.5002,0.153841
20160510,6.5169,0.153447
20160511,6.5183,0.153414
20160512,6.492,0.154036
20160513,6.5168,0.15345
20160514,6.532,0.153092
20160515,6.532,0.153092
20160516,6.532,0.153092
20160517,6.5212,0.153346
20160518,6.5211,0.153348
20160519,6.5388,0.152933
20160520,6.547,0.152742
20160521,6.5467,0.152749
20160522,6.5467,0.152749
20160523,6.5467,0.152749
20160524,6.5557,0.152539
20160525,6.5572,0.152504
20160526,6.5541,0.152576
20160527,6.557,0.152509
20160528,6.5633,0.152362
20160529,6.5633,0.152362
20160530,6.5633,0.152362
20160531,6.5833,0.1519
20160601,6.5829,0.151909
20160602,6.5751,0.152089
20160603,6.5845,0.151872
20160604,6.5648,0.152328
20160605,6.5648,0.152328
20160606,6.5648,0.152328
20160607,6.5638,0.152351
20160608,6.5715,0.152172
20160609,6.5625,0.152381
20160610,6.562,0.152393
20160611,6.562,0.152393
20160612,6.562,0.152393
20160613,6.562,0.152393
20160614,6.5857,0.151844
20160615,6.5965,0.151596
20160616,6.5818,0.151934
20160617,6.592,0.151699
20160618,6.5884,0.151782
20160619,6.5884,0.151782
20160620,6.5884,0.151782
20160621,6.5771,0.152043
20160622,6.5903,0.151738
20160623,6.5775,0.152033
20160624,6.5773,0.152038
20160625,6.6218,0.151016
20160626,6.6218,0.151016
20160627,6.6218,0.151016
20160628,6.6516,0.15034
20160629,6.6481,0.150419
20160630,6.6368,0.150675
20160701,6.6481,0.150419
20160702,6.6557,0.150247
20160703,6.6557,0.150247
20160704,6.6557,0.150247
20160705,6.6653,0.150031
20160706,6.6797,0.149707
20160707,6.693,0.14941
20160708,6.6811,0.149676
20160709,6.6881,0.149519
20160710,6.6881,0.149519
20160711,6.6881,0.149519
20160712,6.6939,0.14939
20160713,6.6886,0.149508
20160714,6.6863,0.14956
20160715,6.6836,0.14962
20160716,6.6888,0.149504
20160717,6.6888,0.149504
20160718,6.6888,0.149504
20160719,6.70795,0.149077
20160720,6.6967,0.149327
20160721,6.67895,0.149724
20160722,6.67885,0.149726
20160723,6.6726,0.149867
20160724,6.69195,0.149433
20160725,6.69195,0.149433
20160726,6.676,0.14979
20160727,6.67195,0.149881
20160728,6.6714,0.149894
20160729,6.6548,0.150267
20160730,6.637,0.15067
20160731,6.6374,0.150661
20160801,6.6374,0.150661
20160802,6.6437,0.150519
20160803,6.62665,0.150906
20160804,6.63375,0.150744
20160805,6.64185,0.15056
20160806,6.6578,0.1502
20160807,6.6769,0.14977
20160808,6.6769,0.14977
20160809,6.662,0.150105
20160810,6.6539,0.150288
20160811,6.63575,0.150699
20160812,6.62705,0.150897
20160813,6.63505,0.150715
20160814,6.64755,0.150431
20160815,6.64755,0.150431
20160816,6.6364,0.150684
20160817,6.62225,0.151006
20160818,6.63245,0.150774
20160819,6.6289,0.150855
20160820,6.6533,0.150301
20160821,6.6199,0.15106
20160822,6.6511,0.150351
20160823,6.65005,0.150375
20160824,6.6411,0.150577
20160825,6.65925,0.150167
20160826,6.6567,0.150225
20160827,6.6722,0.149876
20160828,6.6719,0.149882
20160829,6.6719,0.149882
20160830,6.6759,0.149793
20160831,6.6775,0.149757
20160901,6.679,0.149723
20160902,6.6805,0.149689
20160903,6.6805,0.149689
20160904,6.6805,0.149689
20160905,6.6823,0.149649
20160906,6.6761,0.149788
20160907,6.68605,0.149565
20160908,6.6623,0.150098
20160909,6.66425,0.150054
20160910,6.6964,0.149334
20160911,6.6966,0.14933
20160912,6.68015,0.149697
20160913,6.67935,0.149715
20160914,6.6702,0.149921
20160915,6.6671,0.14999
20160916,6.67255,0.149868
20160917,6.6763,0.149784
20160918,6.7304,0.14858
20160919,6.6733,0.149851
20160920,6.6665,0.150004
20160921,6.675,0.149813
20160922,6.6722,0.149876
20160923,6.6663,0.150008
20160924,6.67775,0.149751
20160925,6.6652,0.150033
20160926,6.6652,0.150033
20160927,6.6686,0.149957
20160928,6.66935,0.14994
20160929,6.6753,0.149806
20160930,6.6676,0.149979
20161001,6.6727,0.149864
20161002,6.63305,0.15076
20161003,6.6373,0.150664
20161004,6.6713,0.149896
20161005,6.67415,0.149832
20161006,6.67,0.149925
20161007,6.67265,0.149865
20161008,6.6722,0.149876
20161009,6.6752,0.149808
20161010,6.7085,0.149065
20161011,6.7178,0.148858
20161012,6.7225,0.148754
20161013,6.7242,0.148717
20161014,6.729,0.14861
20161015,6.70465,0.14915
20161016,6.7299,0.148591
20161017,6.7361,0.148454
20161018,6.7432,0.148298
20161019,6.73725,0.148429
20161020,6.74845,0.148182
20161021,6.7629,0.147866
20161022,6.7601,0.147927
20161023,6.76355,0.147851
20161024,6.7744,0.147615
20161025,6.7801,0.14749
20161026,6.7733,0.147639
20161027,6.78355,0.147415
20161028,6.7793,0.147508
20161029,6.743,0.148302
20161030,6.7983,0.147096
20161031,6.7744,0.147615
20161101,6.7634,0.147855
20161102,6.7571,0.147992
20161103,6.7661,0.147796
20161104,6.7573,0.147988
20161105,6.7565,0.148006
20161106,6.7621,0.147883
20161107,6.7779,0.147538
20161108,6.7875,0.14733
20161109,6.7803,0.147486
20161110,6.803,0.146994
20161111,6.8092,0.14686
20161112,6.8125,0.146789
20161113,6.8125,0.146789
20161114,6.8432,0.14613
20161115,6.8601,0.14577
20161116,6.8799,0.145351
20161117,6.879,0.14537
20161118,6.8864,0.145214
20161119,6.8887,0.145165
20161120,6.8885,0.145169
20161121,6.8962,0.145007
20161122,6.8849,0.145245
20161123,6.9202,0.144504
20161124,6.9193,0.144523
20161125,6.9179,0.144553
20161126,6.9198,0.144513
20161127,6.9234,0.144438
20161128,6.9118,0.14468
20161129,6.8968,0.144995
20161130,6.8843,0.145258
20161201,6.8865,0.145212
20161202,6.8865,0.145212
20161203,6.8865,0.145212
20161204,6.8865,0.145212
20161205,6.881,0.145328
20161206,6.882,0.145307
20161207,6.8805,0.145338
20161208,6.8799,0.145351
20161209,6.9077,0.144766
20161210,6.9077,0.144766
20161211,6.9077,0.144766
20161212,6.9069,0.144783
20161213,6.9017,0.144892
20161214,6.9051,0.14482
20161215,6.9443,0.144003
20161216,6.9597,0.143684
20161217,6.9593,0.143693
20161218,6.9593,0.143693
20161219,6.9536,0.14381
20161220,6.9508,0.143868
20161221,6.9424,0.144042
20161222,6.9503,0.143879
20161223,6.9463,0.143962
20161224,6.9463,0.143962
20161225,6.9463,0.143962
20161226,6.9458,0.143972
20161227,6.9525,0.143833
20161228,6.9591,0.143697
20161229,6.9559,0.143763
20161230,6.9446,0.143997
20161231,6.9448,0.143993
20170101,6.9448,0.143993
20170102,6.9451,0.143986
20170103,6.961,0.143658
20170104,6.9352,0.144192
20170105,6.8887,0.145165
20170106,6.9182,0.144546
20170107,6.9207,0.144494
20170108,6.9185,0.14454
20170109,6.9375,0.144144
20170110,6.9218,0.144471
20170111,6.9371,0.144152
20170112,6.8915,0.145106
20170113,6.9006,0.144915
20170114,6.9005,0.144917
20170115,6.8998,0.144932
20170116,6.901,0.144907
20170117,6.8546,0.145887
20170118,6.8393,0.146214
20170119,6.8713,0.145533
20170120,6.8765,0.145423
20170121,6.8765,0.145423
20170122,6.8765,0.145423
20170123,6.854,0.1459
20170124,6.8587,0.1458
20170125,6.8836,0.145273
20170126,6.8794,0.145362
20170127,6.8798,0.145353
20170128,6.8817,0.145313
20170129,6.8817,0.145313
20170130,6.8817,0.145313
20170131,6.8824,0.145298
20170201,6.88315,0.145282
20170202,6.88255,0.145295
20170203,6.8707,0.145546
20170204,6.87095,0.14554
20170205,6.86935,0.145574
20170206,6.8623,0.145724
20170207,6.88355,0.145274
20170208,6.8732,0.145493
20170209,6.86895,0.145583
20170210,6.88055,0.145337
20170211,6.8785,0.145381
20170212,6.8811,0.145326
20170213,6.8804,0.14534
20170214,6.8675,0.145613
20170215,6.8705,0.14555
20170216,6.85475,0.145884
20170217,6.8667,0.14563
20170218,6.8665,0.145635
20170219,6.8642,0.145683
20170220,6.87855,0.145379
20170221,6.88325,0.14528
20170222,6.87895,0.145371
20170223,6.8687,0.145588
20170224,6.86945,0.145572
20170225,6.8657,0.145652
20170226,6.8648,0.145671
20170227,6.87435,0.145468
20170228,6.8677,0.145609
20170301,6.88185,0.14531
20170302,6.88805,0.145179
20170303,6.8975,0.14498
20170304,6.8972,0.144986
20170305,6.8972,0.144986
20170306,6.897,0.144991
20170307,6.9024,0.144877
20170308,6.9117,0.144682
20170309,6.91005,0.144717
